{"cameraMode":{"drawMode":0,"name":"Shaded","section":"Shading Mode"},"sceneLighting":true,"audioPlay":false,"sceneViewState":{"showFog":true,"showMaterialUpdate":false,"showSkybox":true,"showFlares":true,"showImageEffects":true,"showParticleSystems":true},"in2DMode":false,"pivot":{"x":-2.3665883541107179,"y":0.8883310556411743,"z":2.4055137634277345},"rotation":{"x":0.1379341185092926,"y":-0.5795707106590271,"z":0.10032673180103302,"w":0.7968730330467224},"size":2.633816719055176,"orthographic":false}